arrival_date,daily_demand,avg_price,month,day_of_week,is_weekend
2015-07-01,100,95.3683,7,2,0
2015-07-02,36,99.18861111111111,7,3,0
2015-07-03,37,99.52405405405405,7,4,0
2015-07-04,44,90.66909090909091,7,5,1
2015-07-05,37,107.96648648648647,7,6,1
2015-07-06,39,111.2648717948718,7,0,0
2015-07-07,27,116.89925925925927,7,1,0
2015-07-08,43,84.41186046511628,7,2,0
2015-07-09,29,99.88655172413793,7,3,0
2015-07-10,41,122.08975609756098,7,4,0
2015-07-11,61,108.09639344262295,7,5,1
2015-07-12,37,121.98324324324325,7,6,1
2015-07-13,39,122.28307692307692,7,0,0
2015-07-14,24,122.17,7,1,0
2015-07-15,49,98.67897959183675,7,2,0
2015-07-16,40,130.83025,7,3,0
2015-07-17,105,117.64219047619048,7,4,0
2015-07-18,74,107.79621621621622,7,5,1
2015-07-19,36,122.39083333333332,7,6,1
2015-07-20,51,133.24254901960785,7,0,0
2015-07-21,27,127.77851851851852,7,1,0
2015-07-22,41,101.50731707317074,7,2,0
2015-07-23,60,114.56883333333333,7,3,0
2015-07-24,44,153.93113636363637,7,4,0
2015-07-25,94,98.07351063829788,7,5,1
2015-07-26,30,139.32266666666666,7,6,1
2015-07-27,70,115.74828571428571,7,0,0
2015-07-28,24,121.68916666666667,7,1,0
2015-07-29,31,118.4558064516129,7,2,0
2015-07-30,38,130.40394736842106,7,3,0
2015-07-31,49,136.81510204081633,7,4,0
2015-08-01,57,142.939649122807,8,5,1
2015-08-02,40,145.15075,8,6,1
2015-08-03,65,129.02584615384615,8,0,0
2015-08-04,35,144.29885714285714,8,1,0
2015-08-05,82,89.76548780487805,8,2,0
2015-08-06,45,109.9931111111111,8,3,0
2015-08-07,74,106.92554054054054,8,4,0
2015-08-08,102,106.92725490196078,8,5,1
2015-08-09,67,135.4273134328358,8,6,1
2015-08-10,122,119.66704918032787,8,0,0
2015-08-11,81,114.53913580246913,8,1,0
2015-08-12,76,96.11197368421053,8,2,0
2015-08-13,50,136.56,8,3,0
2015-08-14,114,119.17517543859648,8,4,0
2015-08-15,100,117.9849,8,5,1
2015-08-16,73,137.19849315068493,8,6,1
2015-08-17,106,111.38915094339623,8,0,0
2015-08-18,68,122.07044117647058,8,1,0
2015-08-19,54,111.8837037037037,8,2,0
2015-08-20,55,122.05218181818182,8,3,0
2015-08-21,59,129.58271186440678,8,4,0
2015-08-22,79,129.65645569620253,8,5,1
2015-08-23,58,135.9296551724138,8,6,1
2015-08-24,81,112.21395061728396,8,0,0
2015-08-25,63,103.79238095238095,8,1,0
2015-08-26,64,96.6025,8,2,0
2015-08-27,36,115.89583333333333,8,3,0
2015-08-28,57,125.17649122807018,8,4,0
2015-08-29,89,111.4514606741573,8,5,1
2015-08-30,48,117.10770833333333,8,6,1
2015-08-31,76,94.58052631578947,8,0,0
2015-09-01,76,110.41736842105263,9,1,0
2015-09-02,71,87.59352112676056,9,2,0
2015-09-03,89,107.71123595505617,9,3,0
2015-09-04,148,100.4156081081081,9,4,0
2015-09-05,92,102.7916304347826,9,5,1
2015-09-06,123,91.69934959349594,9,6,1
2015-09-07,89,114.9396629213483,9,0,0
2015-09-08,68,106.22308823529411,9,1,0
2015-09-09,133,94.30451127819549,9,2,0
2015-09-10,61,97.86655737704918,9,3,0
2015-09-11,129,89.49077519379844,9,4,0
2015-09-12,99,75.08939393939394,9,5,1
2015-09-13,51,97.4592156862745,9,6,1
2015-09-14,110,95.63436363636364,9,0,0
2015-09-15,79,99.64012658227848,9,1,0
2015-09-16,116,86.52594827586208,9,2,0
2015-09-17,129,84.04767441860464,9,3,0
2015-09-18,135,103.49637037037037,9,4,0
2015-09-19,115,99.38521739130434,9,5,1
2015-09-20,84,95.84678571428572,9,6,1
2015-09-21,143,93.28076923076922,9,0,0
2015-09-22,85,105.43258823529412,9,1,0
2015-09-23,108,124.0012037037037,9,2,0
2015-09-24,93,97.4215053763441,9,3,0
2015-09-25,149,149.25046979865772,9,4,0
2015-09-26,82,135.4431707317073,9,5,1
2015-09-27,50,114.76440000000001,9,6,1
2015-09-28,63,105.0779365079365,9,0,0
2015-09-29,63,76.3315873015873,9,1,0
2015-09-30,102,90.72,9,2,0
2015-10-01,85,90.6629411764706,10,3,0
2015-10-02,177,95.76305084745763,10,4,0
2015-10-03,58,79.84827586206896,10,5,1
2015-10-04,112,84.73785714285714,10,6,1
2015-10-05,108,91.98351851851851,10,0,0
2015-10-06,106,87.10858490566038,10,1,0
2015-10-07,126,85.58507936507937,10,2,0
2015-10-08,81,67.3425925925926,10,3,0
2015-10-09,131,96.24740458015268,10,4,0
2015-10-10,125,74.67688000000001,10,5,1
2015-10-11,67,79.82402985074627,10,6,1
2015-10-12,154,76.23818181818181,10,0,0
2015-10-13,87,81.59252873563219,10,1,0
2015-10-14,66,72.14318181818182,10,2,0
2015-10-15,180,73.12922222222223,10,3,0
2015-10-16,129,95.30015503875968,10,4,0
2015-10-17,60,77.27016666666667,10,5,1
2015-10-18,97,79.31061855670103,10,6,1
2015-10-19,166,80.07493975903614,10,0,0
2015-10-20,93,96.55096774193548,10,1,0
2015-10-21,85,82.84258823529412,10,2,0
2015-10-22,74,77.63094594594595,10,3,0
2015-10-23,79,79.226582278481,10,4,0
2015-10-24,61,92.83491803278689,10,5,1
2015-10-25,135,83.66162962962963,10,6,1
2015-10-26,59,75.96000000000001,10,0,0
2015-10-27,50,69.1588,10,1,0
2015-10-28,133,82.8348120300752,10,2,0
2015-10-29,76,76.38736842105263,10,3,0
2015-10-30,67,67.19537313432836,10,4,0
2015-10-31,91,62.44549450549451,10,5,1
2015-11-01,49,62.58387755102041,11,6,1
2015-11-02,55,59.37527272727272,11,0,0
2015-11-03,63,53.74063492063492,11,1,0
2015-11-04,44,71.7475,11,2,0
2015-11-05,51,71.6978431372549,11,3,0
2015-11-06,83,65.75530120481928,11,4,0
2015-11-07,77,54.81623376623377,11,5,1
2015-11-08,44,60.29363636363637,11,6,1
2015-11-09,44,63.35136363636364,11,0,0
2015-11-10,36,67.66666666666667,11,1,0
2015-11-11,49,65.61857142857143,11,2,0
2015-11-12,44,59.63977272727273,11,3,0
2015-11-13,26,72.67384615384616,11,4,0
2015-11-14,32,74.4875,11,5,1
2015-11-15,23,61.60347826086957,11,6,1
2015-11-16,56,49.03410714285714,11,0,0
2015-11-17,73,57.42643835616438,11,1,0
2015-11-18,161,62.78670807453416,11,2,0
2015-11-19,44,61.213863636363634,11,3,0
2015-11-20,126,69.18396825396826,11,4,0
2015-11-21,79,47.03544303797469,11,5,1
2015-11-22,36,63.038333333333334,11,6,1
2015-11-23,136,66.11257352941176,11,0,0
2015-11-24,62,57.957258064516125,11,1,0
2015-11-25,42,50.33047619047619,11,2,0
2015-11-26,47,54.30808510638298,11,3,0
2015-11-27,105,58.25066666666666,11,4,0
2015-11-28,45,54.66355555555556,11,5,1
2015-11-29,15,65.96666666666667,11,6,1
2015-11-30,46,44.50608695652174,11,0,0
2015-12-01,42,51.705000000000005,12,1,0
2015-12-02,49,53.648163265306124,12,2,0
2015-12-03,59,55.24305084745763,12,3,0
2015-12-04,74,77.80527027027027,12,4,0
2015-12-05,247,71.44336032388664,12,5,1
2015-12-06,44,74.0559090909091,12,6,1
2015-12-07,21,54.10285714285715,12,0,0
2015-12-08,22,57.04636363636364,12,1,0
2015-12-09,64,54.68125,12,2,0
2015-12-10,48,54.28666666666667,12,3,0
2015-12-11,29,66.7896551724138,12,4,0
2015-12-12,39,62.64307692307692,12,5,1
2015-12-13,14,48.72785714285715,12,6,1
2015-12-14,34,48.764117647058825,12,0,0
2015-12-15,25,53.2324,12,1,0
2015-12-16,35,56.05828571428572,12,2,0
2015-12-17,39,54.162564102564104,12,3,0
2015-12-18,41,67.08487804878048,12,4,0
2015-12-19,53,63.759433962264154,12,5,1
2015-12-20,28,59.8925,12,6,1
2015-12-21,38,57.19157894736843,12,0,0
2015-12-22,53,54.370943396226416,12,1,0
2015-12-23,51,71.42960784313725,12,2,0
2015-12-24,63,67.33857142857143,12,3,0
2015-12-25,38,61.90105263157894,12,4,0
2015-12-26,83,74.39963855421686,12,5,1
2015-12-27,83,76.78626506024096,12,6,1
2015-12-28,69,87.25884057971014,12,0,0
2015-12-29,101,90.32653465346534,12,1,0
2015-12-30,160,138.310875,12,2,0
2015-12-31,81,118.28999999999999,12,3,0
2016-01-01,33,92.8790909090909,1,4,0
2016-01-02,119,82.00932773109244,1,5,1
2016-01-03,44,57.32454545454545,1,6,1
2016-01-04,64,67.5096875,1,0,0
2016-01-05,35,57.154,1,1,0
2016-01-06,44,65.7109090909091,1,2,0
2016-01-07,39,58.55564102564103,1,3,0
2016-01-08,45,61.88688888888888,1,4,0
2016-01-09,39,57.07128205128205,1,5,1
2016-01-10,37,60.16918918918918,1,6,1
2016-01-11,39,47.08794871794872,1,0,0
2016-01-12,53,53.48547169811321,1,1,0
2016-01-13,38,51.28315789473684,1,2,0
2016-01-14,75,52.77426666666667,1,3,0
2016-01-15,63,70.08730158730158,1,4,0
2016-01-16,53,62.53867924528302,1,5,1
2016-01-17,30,71.57600000000001,1,6,1
2016-01-18,48,51.94354166666667,1,0,0
2016-01-19,105,66.67704761904763,1,1,0
2016-01-20,54,57.42351851851851,1,2,0
2016-01-21,55,62.89636363636364,1,3,0
2016-01-22,46,63.29956521739131,1,4,0
2016-01-23,60,64.05733333333333,1,5,1
2016-01-24,31,65.97612903225806,1,6,1
2016-01-25,62,63.888064516129035,1,0,0
2016-01-26,56,54.371964285714284,1,1,0
2016-01-27,59,68.85305084745762,1,2,0
2016-01-28,67,67.73597014925373,1,3,0
2016-01-29,64,70.31875,1,4,0
2016-01-30,46,65.4845652173913,1,5,1
2016-01-31,30,63.847,1,6,1
2016-02-01,48,59.306666666666665,2,0,0
2016-02-02,48,52.704791666666665,2,1,0
2016-02-03,68,64.06941176470589,2,2,0
2016-02-04,85,57.28482352941177,2,3,0
2016-02-05,99,69.75828282828283,2,4,0
2016-02-06,166,67.87789156626506,2,5,1
2016-02-07,86,74.17686046511628,2,6,1
2016-02-08,68,79.0285294117647,2,0,0
2016-02-09,52,64.74846153846154,2,1,0
2016-02-10,61,66.8688524590164,2,2,0
2016-02-11,71,69.10845070422535,2,3,0
2016-02-12,150,74.80366666666666,2,4,0
2016-02-13,150,77.11306666666665,2,5,1
2016-02-14,73,85.07465753424657,2,6,1
2016-02-15,69,62.16434782608696,2,0,0
2016-02-16,69,60.27942028985507,2,1,0
2016-02-17,71,62.19521126760563,2,2,0
2016-02-18,70,73.43042857142858,2,3,0
2016-02-19,154,80.07051948051948,2,4,0
2016-02-20,87,71.24471264367816,2,5,1
2016-02-21,50,72.13680000000001,2,6,1
2016-02-22,88,68.53795454545455,2,0,0
2016-02-23,56,70.91,2,1,0
2016-02-24,67,71.57835820895522,2,2,0
2016-02-25,90,69.55344444444445,2,3,0
2016-02-26,118,65.50084745762712,2,4,0
2016-02-27,158,74.73196202531645,2,5,1
2016-02-28,65,75.74815384615385,2,6,1
2016-02-29,57,72.71736842105264,2,0,0
2016-03-01,89,65.24932584269662,3,1,0
2016-03-02,114,69.01973684210526,3,2,0
2016-03-03,81,74.66814814814815,3,3,0
2016-03-04,130,70.59330769230769,3,4,0
2016-03-05,97,71.2038144329897,3,5,1
2016-03-06,57,74.00333333333333,3,6,1
2016-03-07,116,69.28818965517242,3,0,0
2016-03-08,97,65.79226804123712,3,1,0
2016-03-09,116,73.6371551724138,3,2,0
2016-03-10,84,70.67630952380952,3,3,0
2016-03-11,133,66.83721804511279,3,4,0
2016-03-12,100,66.1082,3,5,1
2016-03-13,84,73.82785714285714,3,6,1
2016-03-14,98,66.28785714285715,3,0,0
2016-03-15,90,60.942,3,1,0
2016-03-16,95,61.71368421052632,3,2,0
2016-03-17,132,65.12666666666667,3,3,0
2016-03-18,109,78.4497247706422,3,4,0
2016-03-19,124,79.99475806451613,3,5,1
2016-03-20,133,84.55315789473684,3,6,1
2016-03-21,120,77.45208333333333,3,0,0
2016-03-22,85,80.39164705882352,3,1,0
2016-03-23,94,87.78053191489363,3,2,0
2016-03-24,175,100.2818857142857,3,3,0
2016-03-25,103,94.86300970873786,3,4,0
2016-03-26,59,108.73779661016948,3,5,1
2016-03-27,77,82.27909090909091,3,6,1
2016-03-28,127,83.35952755905512,3,0,0
2016-03-29,95,73.98305263157896,3,1,0
2016-03-30,95,75.66052631578947,3,2,0
2016-03-31,161,75.95304347826087,3,3,0
2016-04-01,74,88.96810810810811,4,4,0
2016-04-02,69,86.08057971014493,4,5,1
2016-04-03,68,86.18970588235294,4,6,1
2016-04-04,147,80.80285714285715,4,0,0
2016-04-05,84,79.87964285714285,4,1,0
2016-04-06,146,89.83719178082191,4,2,0
2016-04-07,113,84.04106194690264,4,3,0
2016-04-08,126,82.69293650793651,4,4,0
2016-04-09,145,75.52013793103448,4,5,1
2016-04-10,82,84.07768292682927,4,6,1
2016-04-11,121,90.44479338842974,4,0,0
2016-04-12,93,86.02096774193548,4,1,0
2016-04-13,111,94.07765765765767,4,2,0
2016-04-14,75,88.2436,4,3,0
2016-04-15,105,97.82238095238095,4,4,0
2016-04-16,118,88.32745762711863,4,5,1
2016-04-17,98,89.25010204081633,4,6,1
2016-04-18,160,80.33125,4,0,0
2016-04-19,76,77.84197368421053,4,1,0
2016-04-20,145,86.63772413793103,4,2,0
2016-04-21,87,101.24827586206897,4,3,0
2016-04-22,128,91.9684375,4,4,0
2016-04-23,120,97.33449999999999,4,5,1
2016-04-24,81,94.80851851851851,4,6,1
2016-04-25,93,89.47623655913979,4,0,0
2016-04-26,130,85.49315384615385,4,1,0
2016-04-27,100,93.9422,4,2,0
2016-04-28,121,93.31619834710744,4,3,0
2016-04-29,132,95.0798484848485,4,4,0
2016-04-30,144,93.13368055555556,4,5,1
2016-05-01,59,95.10881355932203,5,6,1
2016-05-02,177,94.08915254237287,5,0,0
2016-05-03,69,96.36173913043478,5,1,0
2016-05-04,99,89.30444444444444,5,2,0
2016-05-05,144,90.72534722222223,5,3,0
2016-05-06,90,103.79744444444445,5,4,0
2016-05-07,97,98.11742268041236,5,5,1
2016-05-08,98,86.71969387755102,5,6,1
2016-05-09,126,93.17555555555556,5,0,0
2016-05-10,101,95.2770297029703,5,1,0
2016-05-11,101,105.28960396039604,5,2,0
2016-05-12,145,84.76972413793104,5,3,0
2016-05-13,98,111.53428571428572,5,4,0
2016-05-14,105,90.97990476190476,5,5,1
2016-05-15,131,94.51618320610687,5,6,1
2016-05-16,148,88.04148648648648,5,0,0
2016-05-17,129,98.40875968992248,5,1,0
2016-05-18,82,97.37658536585366,5,2,0
2016-05-19,163,97.64263803680981,5,3,0
2016-05-20,108,98.14824074074075,5,4,0
2016-05-21,119,111.40873949579832,5,5,1
2016-05-22,101,97.76326732673267,5,6,1
2016-05-23,97,104.77443298969072,5,0,0
2016-05-24,91,97.06043956043956,5,1,0
2016-05-25,88,98.61852272727273,5,2,0
2016-05-26,209,103.83952153110047,5,3,0
2016-05-27,52,108.12307692307692,5,4,0
2016-05-28,60,112.25533333333333,5,5,1
2016-05-29,129,99.53945736434109,5,6,1
2016-05-30,132,96.95492424242424,5,0,0
2016-05-31,107,99.63981308411213,5,1,0
2016-06-01,87,100.75977011494253,6,2,0
2016-06-02,138,103.14855072463769,6,3,0
2016-06-03,115,115.16434782608695,6,4,0
2016-06-04,92,98.825,6,5,1
2016-06-05,62,91.53967741935485,6,6,1
2016-06-06,196,108.09270408163265,6,0,0
2016-06-07,59,114.91440677966101,6,1,0
2016-06-08,82,106.44878048780487,6,2,0
2016-06-09,109,105.87220183486238,6,3,0
2016-06-10,135,114.78466666666667,6,4,0
2016-06-11,80,108.75,6,5,1
2016-06-12,93,112.37129032258065,6,6,1
2016-06-13,97,103.64154639175257,6,0,0
2016-06-14,83,100.21903614457831,6,1,0
2016-06-15,132,107.95113636363635,6,2,0
2016-06-16,88,115.0128409090909,6,3,0
2016-06-17,139,103.52223021582734,6,4,0
2016-06-18,84,110.17333333333333,6,5,1
2016-06-19,87,109.59655172413792,6,6,1
2016-06-20,118,101.77288135593221,6,0,0
2016-06-21,97,100.51041237113402,6,1,0
2016-06-22,91,100.9165934065934,6,2,0
2016-06-23,72,92.70722222222223,6,3,0
2016-06-24,217,95.0321658986175,6,4,0
2016-06-25,51,126.60235294117648,6,5,1
2016-06-26,165,104.08539393939394,6,6,1
2016-06-27,97,109.35659793814433,6,0,0
2016-06-28,94,107.5895744680851,6,1,0
2016-06-29,66,111.06772727272728,6,2,0
2016-06-30,103,114.17941747572816,6,3,0
2016-07-01,92,115.83152173913044,7,4,0
2016-07-02,77,112.18116883116885,7,5,1
2016-07-03,83,117.08518072289156,7,6,1
2016-07-04,104,116.85865384615384,7,0,0
2016-07-05,88,122.65363636363637,7,1,0
2016-07-06,94,120.45414893617021,7,2,0
2016-07-07,83,125.25963855421686,7,3,0
2016-07-08,89,128.15584269662924,7,4,0
2016-07-09,95,123.34231578947369,7,5,1
2016-07-10,88,119.79181818181819,7,6,1
2016-07-11,105,119.51704761904763,7,0,0
2016-07-12,90,117.45033333333335,7,1,0
2016-07-13,89,122.58505617977528,7,2,0
2016-07-14,87,131.1486206896552,7,3,0
2016-07-15,91,140.01395604395606,7,4,0
2016-07-16,108,131.6187962962963,7,5,1
2016-07-17,81,130.77555555555554,7,6,1
2016-07-18,127,132.9611811023622,7,0,0
2016-07-19,74,134.6810810810811,7,1,0
2016-07-20,84,124.22583333333333,7,2,0
2016-07-21,148,125.52412162162162,7,3,0
2016-07-22,80,117.5835,7,4,0
2016-07-23,136,133.10426470588234,7,5,1
2016-07-24,91,129.93164835164836,7,6,1
2016-07-25,111,121.66027027027027,7,0,0
2016-07-26,82,132.77036585365855,7,1,0
2016-07-27,82,139.01390243902438,7,2,0
2016-07-28,93,127.24763440860215,7,3,0
2016-07-29,83,140.02301204819278,7,4,0
2016-07-30,154,132.28655844155844,7,5,1
2016-07-31,78,130.13076923076923,7,6,1
2016-08-01,135,138.9911851851852,8,0,0
2016-08-02,89,139.34258426966292,8,1,0
2016-08-03,99,134.54252525252525,8,2,0
2016-08-04,98,144.82897959183674,8,3,0
2016-08-05,86,145.11697674418605,8,4,0
2016-08-06,97,153.16865979381444,8,5,1
2016-08-07,85,139.32976470588235,8,6,1
2016-08-08,135,140.06962962962965,8,0,0
2016-08-09,81,133.30185185185186,8,1,0
2016-08-10,70,156.96285714285713,8,2,0
2016-08-11,89,151.30887640449438,8,3,0
2016-08-12,109,129.1794495412844,8,4,0
2016-08-13,103,151.82194174757282,8,5,1
2016-08-14,90,151.0861111111111,8,6,1
2016-08-15,101,150.03069306930692,8,0,0
2016-08-16,96,152.19041666666666,8,1,0
2016-08-17,85,147.6904705882353,8,2,0
2016-08-18,136,130.03191176470588,8,3,0
2016-08-19,87,152.10850574712643,8,4,0
2016-08-20,130,140.73692307692306,8,5,1
2016-08-21,108,128.17824074074073,8,6,1
2016-08-22,110,145.77290909090908,8,0,0
2016-08-23,72,146.67833333333334,8,1,0
2016-08-24,85,137.03058823529412,8,2,0
2016-08-25,96,123.39916666666666,8,3,0
2016-08-26,104,134.75971153846154,8,4,0
2016-08-27,79,138.37506329113924,8,5,1
2016-08-28,114,131.99298245614037,8,6,1
2016-08-29,107,118.19214953271027,8,0,0
2016-08-30,85,124.44894117647058,8,1,0
2016-08-31,87,118.79919540229886,8,2,0
2016-09-01,112,122.48803571428572,9,3,0
2016-09-02,105,123.12485714285715,9,4,0
2016-09-03,108,117.4273148148148,9,5,1
2016-09-04,80,117.46124999999999,9,6,1
2016-09-05,132,115.04924242424242,9,0,0
2016-09-06,74,129.12540540540542,9,1,0
2016-09-07,55,125.28581818181819,9,2,0
2016-09-08,94,130.1994680851064,9,3,0
2016-09-09,92,133.3286956521739,9,4,0
2016-09-10,88,121.49863636363635,9,5,1
2016-09-11,120,116.12674999999999,9,6,1
2016-09-12,119,117.07756302521008,9,0,0
2016-09-13,146,118.10397260273973,9,1,0
2016-09-14,90,108.2061111111111,9,2,0
2016-09-15,173,112.87057803468208,9,3,0
2016-09-16,117,122.95034188034188,9,4,0
2016-09-17,88,121.07727272727271,9,5,1
2016-09-18,126,106.35420634920635,9,6,1
2016-09-19,143,114.1958041958042,9,0,0
2016-09-20,114,106.87043859649123,9,1,0
2016-09-21,154,101.65928571428572,9,2,0
2016-09-22,115,129.25147826086956,9,3,0
2016-09-23,99,118.99545454545455,9,4,0
2016-09-24,60,138.40466666666669,9,5,1
2016-09-25,121,112.64297520661157,9,6,1
2016-09-26,161,105.18366459627329,9,0,0
2016-09-27,93,114.91655913978494,9,1,0
2016-09-28,98,111.7537755102041,9,2,0
2016-09-29,104,106.84567307692308,9,3,0
2016-09-30,132,112.5819696969697,9,4,0
2016-10-01,61,111.37295081967213,10,5,1
2016-10-02,106,102.4304716981132,10,6,1
2016-10-03,129,104.64007751937984,10,0,0
2016-10-04,94,110.40872340425533,10,1,0
2016-10-05,104,109.67086538461538,10,2,0
2016-10-06,168,83.91011904761905,10,3,0
2016-10-07,111,124.88054054054054,10,4,0
2016-10-08,66,108.84515151515151,10,5,1
2016-10-09,139,83.4846762589928,10,6,1
2016-10-10,138,104.47536231884058,10,0,0
2016-10-11,127,94.97055118110237,10,1,0
2016-10-12,145,84.0208275862069,10,2,0
2016-10-13,142,103.2874647887324,10,3,0
2016-10-14,140,106.03314285714285,10,4,0
2016-10-15,50,123.2928,10,5,1
2016-10-16,146,87.98719178082192,10,6,1
2016-10-17,106,106.7611320754717,10,0,0
2016-10-18,94,85.53010638297873,10,1,0
2016-10-19,86,88.77372093023256,10,2,0
2016-10-20,149,79.25221476510067,10,3,0
2016-10-21,102,104.25264705882353,10,4,0
2016-10-22,72,98.07347222222222,10,5,1
2016-10-23,161,92.06751552795032,10,6,1
2016-10-24,99,86.1759595959596,10,0,0
2016-10-25,125,93.33952000000001,10,1,0
2016-10-26,103,89.20854368932038,10,2,0
2016-10-27,92,90.51847826086957,10,3,0
2016-10-28,148,95.27243243243242,10,4,0
2016-10-29,151,83.44814569536423,10,5,1
2016-10-30,130,85.29353846153846,10,6,1
2016-10-31,115,84.66408695652174,10,0,0
2016-11-01,81,79.80876543209877,11,1,0
2016-11-02,113,80.75309734513274,11,2,0
2016-11-03,89,77.10516853932585,11,3,0
2016-11-04,105,84.27847619047618,11,4,0
2016-11-05,99,85.12767676767676,11,5,1
2016-11-06,92,110.00554347826088,11,6,1
2016-11-07,126,131.44142857142856,11,0,0
2016-11-08,72,87.31541666666666,11,1,0
2016-11-09,56,85.05553571428571,11,2,0
2016-11-10,97,94.25154639175257,11,3,0
2016-11-11,137,87.19788321167884,11,4,0
2016-11-12,92,73.92293478260869,11,5,1
2016-11-13,97,72.85876288659794,11,6,1
2016-11-14,117,71.50965811965811,11,0,0
2016-11-15,80,61.85850000000001,11,1,0
2016-11-16,93,75.51978494623656,11,2,0
2016-11-17,101,68.8939603960396,11,3,0
2016-11-18,128,79.066953125,11,4,0
2016-11-19,98,74.24928571428572,11,5,1
2016-11-20,57,71.63508771929824,11,6,1
2016-11-21,146,73.4777397260274,11,0,0
2016-11-22,54,72.98851851851852,11,1,0
2016-11-23,80,70.44525,11,2,0
2016-11-24,77,73.64233766233767,11,3,0
2016-11-25,121,82.51280991735537,11,4,0
2016-11-26,80,71.765125,11,5,1
2016-11-27,46,75.87326086956521,11,6,1
2016-11-28,85,64.69082352941177,11,0,0
2016-11-29,70,68.76285714285714,11,1,0
2016-11-30,48,73.34395833333333,11,2,0
2016-12-01,75,76.89573333333334,12,3,0
2016-12-02,115,74.24852173913044,12,4,0
2016-12-03,115,83.73078260869566,12,5,1
2016-12-04,54,80.13833333333334,12,6,1
2016-12-05,106,80.59783018867925,12,0,0
2016-12-06,51,76.8264705882353,12,1,0
2016-12-07,68,81.17058823529412,12,2,0
2016-12-08,147,85.5991156462585,12,3,0
2016-12-09,65,80.54369230769231,12,4,0
2016-12-10,66,82.17151515151515,12,5,1
2016-12-11,29,73.63586206896552,12,6,1
2016-12-12,54,63.651296296296294,12,0,0
2016-12-13,62,65.66403225806452,12,1,0
2016-12-14,60,61.708666666666666,12,2,0
2016-12-15,47,63.526595744680854,12,3,0
2016-12-16,78,65.7476923076923,12,4,0
2016-12-17,80,70.954125,12,5,1
2016-12-18,51,81.9049019607843,12,6,1
2016-12-19,69,67.00347826086956,12,0,0
2016-12-20,51,75.4156862745098,12,1,0
2016-12-21,60,81.81883333333333,12,2,0
2016-12-22,69,80.75289855072464,12,3,0
2016-12-23,75,82.85373333333332,12,4,0
2016-12-24,85,86.85341176470588,12,5,1
2016-12-25,54,90.12388888888889,12,6,1
2016-12-26,70,90.74042857142857,12,0,0
2016-12-27,149,81.70073825503356,12,1,0
2016-12-28,83,116.87204819277108,12,2,0
2016-12-29,91,99.44076923076923,12,3,0
2016-12-30,116,138.53163793103448,12,4,0
2016-12-31,44,135.47886363636363,12,5,1
2017-01-01,77,85.16935064935065,1,6,1
2017-01-02,114,86.41701754385966,1,0,0
2017-01-03,78,85.89102564102564,1,1,0
2017-01-04,59,72.64033898305084,1,2,0
2017-01-05,60,75.50416666666666,1,3,0
2017-01-06,72,77.46416666666667,1,4,0
2017-01-07,67,76.60567164179105,1,5,1
2017-01-08,60,69.44116666666667,1,6,1
2017-01-09,60,66.00683333333333,1,0,0
2017-01-10,82,62.81512195121952,1,1,0
2017-01-11,45,72.48555555555555,1,2,0
2017-01-12,91,65.17076923076922,1,3,0
2017-01-13,57,83.01157894736842,1,4,0
2017-01-14,95,76.89694736842105,1,5,1
2017-01-15,45,73.06688888888888,1,6,1
2017-01-16,154,63.80136363636363,1,0,0
2017-01-17,50,72.36840000000001,1,1,0
2017-01-18,134,73.34731343283583,1,2,0
2017-01-19,88,71.85636363636364,1,3,0
2017-01-20,51,84.73901960784313,1,4,0
2017-01-21,76,66.78578947368422,1,5,1
2017-01-22,67,75.5310447761194,1,6,1
2017-01-23,67,70.23074626865672,1,0,0
2017-01-24,65,66.42492307692308,1,1,0
2017-01-25,91,70.93296703296703,1,2,0
2017-01-26,80,63.13312499999999,1,3,0
2017-01-27,112,66.67669642857143,1,4,0
2017-01-28,75,74.00493333333333,1,5,1
2017-01-29,56,66.71982142857142,1,6,1
2017-01-30,81,67.8530864197531,1,0,0
2017-01-31,63,66.77492063492063,1,1,0
2017-02-01,55,64.75563636363636,2,2,0
2017-02-02,85,78.61905882352941,2,3,0
2017-02-03,84,76.09511904761905,2,4,0
2017-02-04,117,67.65905982905983,2,5,1
2017-02-05,70,77.11057142857142,2,6,1
2017-02-06,83,76.15915662650602,2,0,0
2017-02-07,53,74.87641509433962,2,1,0
2017-02-08,63,66.88111111111111,2,2,0
2017-02-09,97,75.39979381443298,2,3,0
2017-02-10,104,77.21105769230769,2,4,0
2017-02-11,85,78.43082352941177,2,5,1
2017-02-12,100,83.89129999999999,2,6,1
2017-02-13,143,81.18468531468531,2,0,0
2017-02-14,93,83.78408602150537,2,1,0
2017-02-15,119,80.17621848739495,2,2,0
2017-02-16,78,80.91871794871794,2,3,0
2017-02-17,124,69.68661290322581,2,4,0
2017-02-18,89,77.54943820224719,2,5,1
2017-02-19,101,79.7380198019802,2,6,1
2017-02-20,108,74.56685185185185,2,0,0
2017-02-21,79,69.0587341772152,2,1,0
2017-02-22,133,69.16894736842104,2,2,0
2017-02-23,98,80.15724489795919,2,3,0
2017-02-24,97,82.27041237113401,2,4,0
2017-02-25,186,78.60021505376343,2,5,1
2017-02-26,138,83.27130434782609,2,6,1
2017-02-27,99,84.70131313131313,2,0,0
2017-02-28,64,78.0240625,2,1,0
2017-03-01,99,72.36333333333333,3,2,0
2017-03-02,178,62.01808988764044,3,3,0
2017-03-03,93,89.59354838709679,3,4,0
2017-03-04,58,88.39241379310346,3,5,1
2017-03-05,126,75.77944444444444,3,6,1
2017-03-06,122,79.92016393442623,3,0,0
2017-03-07,92,78.13989130434783,3,1,0
2017-03-08,68,79.4525,3,2,0
2017-03-09,109,78.66541284403671,3,3,0
2017-03-10,128,87.9415625,3,4,0
2017-03-11,102,77.98186274509804,3,5,1
2017-03-12,80,72.40075,3,6,1
2017-03-13,132,87.69931818181817,3,0,0
2017-03-14,104,81.40086538461539,3,1,0
2017-03-15,105,74.90733333333334,3,2,0
2017-03-16,119,78.02436974789916,3,3,0
2017-03-17,94,94.80882978723405,3,4,0
2017-03-18,89,89.43404494382023,3,5,1
2017-03-19,119,75.350756302521,3,6,1
2017-03-20,133,85.53541353383459,3,0,0
2017-03-21,68,74.02926470588235,3,1,0
2017-03-22,61,85.1960655737705,3,2,0
2017-03-23,89,90.24157303370787,3,3,0
2017-03-24,127,93.45070866141732,3,4,0
2017-03-25,91,82.59505494505494,3,5,1
2017-03-26,93,85.14516129032258,3,6,1
2017-03-27,113,86.09141592920354,3,0,0
2017-03-28,67,79.68522388059701,3,1,0
2017-03-29,128,78.63445312500001,3,2,0
2017-03-30,118,89.96372881355931,3,3,0
2017-03-31,127,96.24417322834645,3,4,0
2017-04-01,84,105.36428571428571,4,5,1
2017-04-02,75,104.98226666666666,4,6,1
2017-04-03,139,100.00985611510792,4,0,0
2017-04-04,59,111.33237288135592,4,1,0
2017-04-05,155,84.25716129032259,4,2,0
2017-04-06,90,113.45755555555556,4,3,0
2017-04-07,80,123.828875,4,4,0
2017-04-08,109,105.8845871559633,4,5,1
2017-04-09,139,111.09726618705037,4,6,1
2017-04-10,116,116.0356896551724,4,0,0
2017-04-11,97,115.64103092783506,4,1,0
2017-04-12,85,123.00894117647059,4,2,0
2017-04-13,126,122.3781746031746,4,3,0
2017-04-14,118,121.91084745762711,4,4,0
2017-04-15,99,119.86707070707071,4,5,1
2017-04-16,85,114.58458823529412,4,6,1
2017-04-17,116,108.4630172413793,4,0,0
2017-04-18,83,102.03036144578314,4,1,0
2017-04-19,114,114.19429824561404,4,2,0
2017-04-20,95,105.88157894736842,4,3,0
2017-04-21,96,115.78958333333333,4,4,0
2017-04-22,101,100.50099009900991,4,5,1
2017-04-23,107,94.60859813084113,4,6,1
2017-04-24,96,110.734375,4,0,0
2017-04-25,72,108.19319444444444,4,1,0
2017-04-26,72,112.55083333333333,4,2,0
2017-04-27,101,111.10960396039604,4,3,0
2017-04-28,160,121.78637499999999,4,4,0
2017-04-29,166,109.95210843373494,4,5,1
2017-04-30,97,104.30195876288661,4,6,1
2017-05-01,117,114.0902564102564,5,0,0
2017-05-02,130,103.67884615384615,5,1,0
2017-05-03,88,101.94602272727273,5,2,0
2017-05-04,106,109.89122641509434,5,3,0
2017-05-05,134,116.4194776119403,5,4,0
2017-05-06,106,117.89066037735849,5,5,1
2017-05-07,87,102.42494252873563,5,6,1
2017-05-08,130,103.57076923076923,5,0,0
2017-05-09,138,109.82934782608696,5,1,0
2017-05-10,78,119.59461538461538,5,2,0
2017-05-11,126,124.96666666666665,5,3,0
2017-05-12,96,130.67322916666666,5,4,0
2017-05-13,105,120.88780952380952,5,5,1
2017-05-14,127,114.7523622047244,5,6,1
2017-05-15,117,108.27418803418803,5,0,0
2017-05-16,92,105.91684782608696,5,1,0
2017-05-17,109,119.97073394495412,5,2,0
2017-05-18,117,117.36470085470086,5,3,0
2017-05-19,86,136.14581395348839,5,4,0
2017-05-20,106,131.8220754716981,5,5,1
2017-05-21,101,125.47643564356436,5,6,1
2017-05-22,126,120.97761904761904,5,0,0
2017-05-23,111,113.20603603603604,5,1,0
2017-05-24,151,111.68960264900663,5,2,0
2017-05-25,186,103.2239247311828,5,3,0
2017-05-26,98,128.80530612244897,5,4,0
2017-05-27,71,123.6638028169014,5,5,1
2017-05-28,134,113.84649253731344,5,6,1
2017-05-29,110,114.53454545454545,5,0,0
2017-05-30,90,121.58944444444444,5,1,0
2017-05-31,93,114.90322580645162,5,2,0
2017-06-01,127,117.63251968503937,6,3,0
2017-06-02,131,130.26496183206106,6,4,0
2017-06-03,117,124.00794871794872,6,5,1
2017-06-04,93,118.57602150537635,6,6,1
2017-06-05,110,134.17027272727273,6,0,0
2017-06-06,92,121.55608695652174,6,1,0
2017-06-07,84,126.3552380952381,6,2,0
2017-06-08,117,133.82478632478632,6,3,0
2017-06-09,121,131.38256198347108,6,4,0
2017-06-10,95,132.17536842105264,6,5,1
2017-06-11,130,115.42238461538462,6,6,1
2017-06-12,104,120.52557692307693,6,0,0
2017-06-13,83,121.32457831325301,6,1,0
2017-06-14,87,127.0596551724138,6,2,0
2017-06-15,118,132.70593220338984,6,3,0
2017-06-16,92,117.54369565217392,6,4,0
2017-06-17,105,131.4135238095238,6,5,1
2017-06-18,89,120.86393258426966,6,6,1
2017-06-19,108,131.24324074074073,6,0,0
2017-06-20,102,131.32637254901962,6,1,0
2017-06-21,79,132.52443037974683,6,2,0
2017-06-22,106,120.81981132075471,6,3,0
2017-06-23,102,121.36039215686274,6,4,0
2017-06-24,91,136.0314285714286,6,5,1
2017-06-25,130,118.95184615384615,6,6,1
2017-06-26,100,119.463,6,0,0
2017-06-27,109,116.73678899082569,6,1,0
2017-06-28,110,120.88745454545456,6,2,0
2017-06-29,91,132.219010989011,6,3,0
2017-06-30,115,132.68982608695651,6,4,0
2017-07-01,110,129.8651818181818,7,5,1
2017-07-02,90,131.01633333333334,7,6,1
2017-07-03,107,134.7192523364486,7,0,0
2017-07-04,145,121.26468965517242,7,1,0
2017-07-05,69,129.23072463768116,7,2,0
2017-07-06,131,122.82198473282443,7,3,0
2017-07-07,98,123.5215306122449,7,4,0
2017-07-08,88,138.35477272727272,7,5,1
2017-07-09,130,132.7643846153846,7,6,1
2017-07-10,116,138.8531896551724,7,0,0
2017-07-11,110,141.387,7,1,0
2017-07-12,104,130.63721153846154,7,2,0
2017-07-13,142,126.46788732394366,7,3,0
2017-07-14,79,156.0546835443038,7,4,0
2017-07-15,159,137.08389937106918,7,5,1
2017-07-16,96,134.33614583333335,7,6,1
2017-07-17,108,140.72453703703704,7,0,0
2017-07-18,95,130.72305263157895,7,1,0
2017-07-19,68,142.28573529411764,7,2,0
2017-07-20,84,150.15190476190477,7,3,0
2017-07-21,91,146.38483516483518,7,4,0
2017-07-22,120,134.57316666666668,7,5,1
2017-07-23,88,150.94681818181817,7,6,1
2017-07-24,129,139.16589147286822,7,0,0
2017-07-25,86,147.31244186046513,7,1,0
2017-07-26,78,139.9148717948718,7,2,0
2017-07-27,94,145.3508510638298,7,3,0
2017-07-28,80,147.51712500000002,7,4,0
2017-07-29,97,144.2881443298969,7,5,1
2017-07-30,89,147.34865168539326,7,6,1
2017-07-31,97,144.65134020618558,7,0,0
2017-08-01,91,152.7763736263736,8,1,0
2017-08-02,92,150.27097826086955,8,2,0
2017-08-03,101,150.84465346534654,8,3,0
2017-08-04,93,151.55322580645162,8,4,0
2017-08-05,79,164.59151898734177,8,5,1
2017-08-06,82,156.3301219512195,8,6,1
2017-08-07,116,156.0241379310345,8,0,0
2017-08-08,75,161.8956,8,1,0
2017-08-09,84,150.87869047619046,8,2,0
2017-08-10,82,160.28731707317073,8,3,0
2017-08-11,70,164.10142857142858,8,4,0
2017-08-12,111,153.59207207207209,8,5,1
2017-08-13,86,155.0531395348837,8,6,1
2017-08-14,94,163.29978723404255,8,0,0
2017-08-15,91,145.9310989010989,8,1,0
2017-08-16,86,150.94790697674418,8,2,0
2017-08-17,96,157.4278125,8,3,0
2017-08-18,83,148.66180722891568,8,4,0
2017-08-19,93,161.014623655914,8,5,1
2017-08-20,101,139.3117821782178,8,6,1
2017-08-21,88,150.40875,8,0,0
2017-08-22,59,150.78898305084743,8,1,0
2017-08-23,80,152.37462499999998,8,2,0
2017-08-24,87,140.0728735632184,8,3,0
2017-08-25,132,141.15348484848485,8,4,0
2017-08-26,88,143.91295454545454,8,5,1
2017-08-27,116,134.39327586206895,8,6,1
2017-08-28,143,136.0009090909091,8,0,0
2017-08-29,77,135.20805194805195,8,1,0
2017-08-30,58,139.54224137931035,8,2,0
2017-08-31,86,142.23755813953488,8,3,0
